# 틀린 꼴|표제(바른 / 틀린)|바른 꼴|설명(L=외래어 틀, D=외래어 된소리 틀)|예문1|예문2
세익스피어|셰익스피어 / 세익스피어|셰익스피어|L|셰익스피어는 영국의 극작가이다.|셰익스피어의 이야기를 읽었어요.
피라밋|피라미드 / 피라밋|피라미드|L|이집트에는 피라미드가 있다.|피라미드 사진을 보았어요.
오리엔테이숀|오리엔테이션 / 오리엔테이숀|오리엔테이션|L|입학 오리엔테이션에 참석했다.|캠프 오리엔테이션을 들었어요.
앙케이트|앙케트 / 앙케이트|앙케트|L|반 친구들에게 앙케트를 돌렸다.|앙케트 결과를 발표했어요.
비지니스|비즈니스 / 비지니스|비즈니스|L|아빠가 비즈니스 여행을 가셨다.|비즈니스 영어를 배우는 사람도 있어요.
렌트카|렌터카 / 렌트카|렌터카|L|제주도에서 렌터카를 빌렸다.|렌터카를 타고 여행했어요.
쇼파|소파 / 쇼파|소파|L|거실 소파에 앉았다.|소파에서 낮잠을 잤어요.
티켙|티켓 / 티켙|티켓|L|놀이공원 티켓을 샀다.|영화 티켓을 잃어버렸어요.
뱃지|배지 / 뱃지|배지|L|가방에 배지를 달았다.|칭찬 배지를 받았어요.
째즈|재즈 / 째즈|재즈|D|아빠가 재즈 음악을 틀었다.|재즈 공연을 보았어요.
데뷰|데뷔 / 데뷰|데뷔|L|가수가 무대에 데뷔했다.|데뷔 무대가 멋졌어요.
스티로폴|스티로폼 / 스티로폴|스티로폼|L|스티로폼으로 모형을 만들었다.|스티로폼은 가벼워요.
아이섀도우|아이섀도 / 아이섀도우|아이섀도|외래어 끝의 ‘-ow’는 ‘우’를 붙이지 않고 ‘오’로 적어요. ‘윈도, 쇼윈도’도 같아요.|언니가 아이섀도를 발랐다.|분장할 때 아이섀도를 썼어요.
윈도우|윈도 / 윈도우|윈도|외래어 끝의 ‘-ow’는 ‘우’를 붙이지 않고 ‘오’로 적어요.|컴퓨터 윈도 화면이 켜졌다.|윈도를 새로 설치했어요.
쇼윈도우|쇼윈도 / 쇼윈도우|쇼윈도|외래어 끝의 ‘-ow’는 ‘우’를 붙이지 않고 ‘오’로 적어요.|가게 쇼윈도에 인형이 있었다.|쇼윈도를 구경했어요.
매니아|마니아 / 매니아|마니아|L|형은 축구 마니아다.|공룡 마니아인 동생이 있어요.
미스테리|미스터리 / 미스테리|미스터리|L|미스터리 소설을 읽었다.|그 일은 아직 미스터리예요.
심볼|심벌 / 심볼|심벌|L|비둘기는 평화의 심벌이다.|학교 심벌을 그렸어요.
클라이막스|클라이맥스 / 클라이막스|클라이맥스|L|이야기가 클라이맥스에 이르렀다.|영화의 클라이맥스가 신났어요.
헐리우드|할리우드 / 헐리우드|할리우드|L|할리우드 영화를 보았다.|할리우드는 미국에 있어요.
지그자그|지그재그 / 지그자그|지그재그|L|길이 지그재그로 나 있다.|지그재그로 달렸어요.
카스테라|카스텔라 / 카스테라|카스텔라|L|우유와 카스텔라를 먹었다.|카스텔라가 부드러워요.
크리스탈|크리스털 / 크리스탈|크리스털|L|크리스털 장식이 반짝였다.|크리스털 컵을 조심히 들었어요.
알루미니움|알루미늄 / 알루미니움|알루미늄|L|알루미늄 캔을 분리수거했다.|알루미늄 포일로 감자를 쌌어요.
다이어몬드|다이아몬드 / 다이어몬드|다이아몬드|L|다이아몬드가 반짝였다.|다이아몬드는 아주 단단해요.
사파이아|사파이어 / 사파이아|사파이어|L|파란 사파이어 반지를 보았다.|사파이어는 파란 보석이에요.
에머랄드|에메랄드 / 에머랄드|에메랄드|L|에메랄드처럼 맑은 바다였다.|초록 에메랄드가 빛나요.
토나먼트|토너먼트 / 토나먼트|토너먼트|L|피구 토너먼트에서 이겼다.|토너먼트 대진표를 그렸어요.
콘디션|컨디션 / 콘디션|컨디션|L|오늘은 컨디션이 좋다.|컨디션이 나빠서 일찍 잤어요.
아마츄어|아마추어 / 아마츄어|아마추어|외래어에서 ‘ㅊ’ 뒤에는 ‘ㅠ’를 쓰지 않아서 ‘아마추어’예요.|아마추어 축구 대회에 나갔다.|아마추어 화가의 그림을 보았어요.
코메디|코미디 / 코메디|코미디|L|코미디 영화를 보고 웃었다.|코미디 프로그램이 재미있어요.
나레이션|내레이션 / 나레이션|내레이션|L|연극에서 내레이션을 맡았다.|내레이션 목소리가 좋았어요.
다큐멘타리|다큐멘터리 / 다큐멘타리|다큐멘터리|L|동물 다큐멘터리를 보았다.|다큐멘터리에서 펭귄을 봤어요.
소프트웨아|소프트웨어 / 소프트웨아|소프트웨어|L|코딩으로 소프트웨어를 만들었다.|소프트웨어를 설치했어요.
메뉴얼|매뉴얼 / 메뉴얼|매뉴얼|L|조립 매뉴얼을 보며 만들었다.|매뉴얼대로 따라 했어요.
리조또|리소토 / 리조또|리소토|L|크림 리소토를 먹었다.|리소토는 이탈리아 음식이에요.
캬라멜|캐러멜 / 캬라멜|캐러멜|L|캐러멜 팝콘을 샀다.|캐러멜이 달콤해요.
카라멜|캐러멜 / 카라멜|캐러멜|L|캐러멜 맛 아이스크림을 먹었다.|캐러멜 땅콩을 먹었어요.
커스타드|커스터드 / 커스타드|커스터드|L|커스터드 크림빵을 먹었다.|커스터드 푸딩을 만들었어요.
핫독|핫도그 / 핫독|핫도그|L|휴게소에서 핫도그를 먹었다.|핫도그에 케첩을 뿌렸어요.
후라이드치킨|프라이드치킨 / 후라이드치킨|프라이드치킨|외래어의 ‘f’ 소리는 ‘ㅍ’으로 적어서 ‘프라이드치킨’이에요.|저녁에 프라이드치킨을 먹었다.|프라이드치킨이 바삭해요.
너겟|너깃 / 너겟|너깃|L|치킨 너깃을 먹었다.|너깃을 소스에 찍었어요.
머스타드|머스터드 / 머스타드|머스터드|L|핫도그에 머스터드를 뿌렸다.|머스터드는 조금 매워요.
아스파라가스|아스파라거스 / 아스파라가스|아스파라거스|L|아스파라거스를 구워 먹었다.|아스파라거스는 길쭉한 채소예요.
코코낫|코코넛 / 코코낫|코코넛|L|코코넛 주스를 마셨다.|코코넛은 껍질이 단단해요.
말레시아|말레이시아 / 말레시아|말레이시아|L|말레이시아로 가족 여행을 갔다.|말레이시아는 동남아시아에 있어요.
싱가폴|싱가포르 / 싱가폴|싱가포르|L|싱가포르는 작은 나라이다.|싱가포르에 가 보고 싶어요.
필립핀|필리핀 / 필립핀|필리핀|L|필리핀 바다가 아름답다.|필리핀에서 망고를 먹었어요.
뉴질렌드|뉴질랜드 / 뉴질렌드|뉴질랜드|L|뉴질랜드에는 양이 많다.|뉴질랜드에 사는 키위새를 알아봤어요.
아르헨띠나|아르헨티나 / 아르헨띠나|아르헨티나|D|아르헨티나는 남아메리카에 있다.|아르헨티나 축구 팀을 응원했어요.
포르투칼|포르투갈 / 포르투칼|포르투갈|L|포르투갈은 유럽에 있다.|포르투갈의 에그타르트를 먹었어요.
네델란드|네덜란드 / 네델란드|네덜란드|L|네덜란드에는 풍차가 많다.|네덜란드의 튤립 사진을 봤어요.
핀랜드|핀란드 / 핀랜드|핀란드|L|핀란드에는 산타 마을이 있다.|핀란드는 겨울이 길어요.
스코트랜드|스코틀랜드 / 스코트랜드|스코틀랜드|L|스코틀랜드의 전통 옷을 보았다.|스코틀랜드는 영국에 있어요.
로스엔젤레스|로스앤젤레스 / 로스엔젤레스|로스앤젤레스|L|삼촌이 로스앤젤레스에 산다.|로스앤젤레스에는 바다가 있어요.
라스베가스|라스베이거스 / 라스베가스|라스베이거스|L|라스베이거스는 사막에 있는 도시이다.|라스베이거스의 불빛이 화려해요.
모짜르트|모차르트 / 모짜르트|모차르트|D|모차르트의 음악을 들었다.|모차르트는 어려서부터 작곡했어요.
차이코프스키|차이콥스키 / 차이코프스키|차이콥스키|L|차이콥스키의 호두까기 인형을 보았다.|차이콥스키는 러시아 작곡가예요.
미켈란제로|미켈란젤로 / 미켈란제로|미켈란젤로|L|미켈란젤로의 그림을 보았다.|미켈란젤로는 조각도 했어요.
아인시타인|아인슈타인 / 아인시타인|아인슈타인|L|아인슈타인은 유명한 과학자이다.|아인슈타인의 이야기를 읽었어요.
뉴톤|뉴턴 / 뉴톤|뉴턴|L|뉴턴은 사과를 보고 생각했다는 이야기가 있다.|뉴턴의 위인전을 읽었어요.
콜롬버스|콜럼버스 / 콜롬버스|콜럼버스|L|콜럼버스는 배를 타고 바다를 건넜다.|콜럼버스의 항해 이야기를 들었어요.
안데르슨|안데르센 / 안데르슨|안데르센|L|안데르센 동화를 읽었다.|안데르센은 인어 공주를 썼어요.
피터펜|피터 팬 / 피터펜|피터 팬|L|피터 팬은 하늘을 날았다.|피터 팬 연극을 보았어요.
홈즈|홈스 / 홈즈|홈스|외래어 표기법에 따라 ‘셜록 홈스’라고 써요.|셜록 홈스는 명탐정이다.|홈스처럼 단서를 찾았어요.
프로펠라|프로펠러 / 프로펠라|프로펠러|L|헬리콥터 프로펠러가 돌았다.|종이 프로펠러를 만들었어요.
모타|모터 / 모타|모터|L|선풍기 모터가 돌아갔다.|모터를 달아 자동차를 만들었어요.
센써|센서 / 센써|센서|L|문에 센서가 달려 있다.|센서가 움직임을 알아채요.
레이져|레이저 / 레이져|레이저|외래어에서 ‘ㅈ’ 뒤에는 ‘ㅕ’를 쓰지 않아서 ‘레이저’예요.|레이저 포인터로 화면을 가리켰다.|레이저 빛이 빨개요.
프러그|플러그 / 프러그|플러그|L|플러그를 콘센트에 꽂았다.|플러그를 뽑고 나갔어요.
스윗치|스위치 / 스윗치|스위치|L|스위치를 눌러 불을 켰다.|스위치를 내렸어요.
스노우보드|스노보드 / 스노우보드|스노보드|외래어 ‘snow’는 ‘스노’로 적어요.|겨울에 스노보드를 탔다.|스노보드가 재미있어요.
스노우|스노 / 스노우|스노|외래어 ‘snow’는 ‘스노’로 적어요. ‘스노볼, 스노보드’처럼 써요.|스노볼을 흔들었다.|스노볼 안에 눈이 내려요.
메트리스|매트리스 / 메트리스|매트리스|L|새 매트리스가 푹신하다.|매트리스 위에서 뛰지 않아요.
팬션|펜션 / 팬션|펜션|L|바닷가 펜션에서 잤다.|펜션에서 바비큐를 했어요.
렌턴|랜턴 / 렌턴|랜턴|L|캠핑장에서 랜턴을 켰다.|랜턴 불빛이 따뜻해요.
테이불|테이블 / 테이불|테이블|L|테이블에 접시를 놓았다.|테이블을 닦았어요.
올림삑|올림픽 / 올림삑|올림픽|D|올림픽 경기를 응원했다.|올림픽 메달을 땄어요.
카톨릭|가톨릭 / 카톨릭|가톨릭|L|가톨릭 성당에 가 보았다.|가톨릭 신부님이 기도하셨어요.
크리스찬|크리스천 / 크리스찬|크리스천|L|이웃은 크리스천이다.|크리스천은 교회에 다녀요.
알카리|알칼리 / 알카리|알칼리|L|비눗물은 알칼리성이다.|알칼리와 산을 실험했어요.
암모니야|암모니아 / 암모니야|암모니아|L|암모니아는 냄새가 고약하다.|암모니아 냄새가 났어요.
카로리|칼로리 / 카로리|칼로리|L|이 과자는 칼로리가 높다.|운동하면 칼로리가 줄어요.
박테리야|박테리아 / 박테리야|박테리아|L|손을 씻어 박테리아를 없앴다.|박테리아는 아주 작아요.
프랑크톤|플랑크톤 / 프랑크톤|플랑크톤|L|고래는 플랑크톤을 먹는다.|현미경으로 플랑크톤을 보았어요.
맘모스|매머드 / 맘모스|매머드|외래어 표기법에 따라 ‘매머드’라고 써요.|매머드는 털이 긴 코끼리였다.|매머드 화석을 보았어요.
브라키오사우르스|브라키오사우루스 / 브라키오사우르스|브라키오사우루스|L|브라키오사우루스는 목이 길다.|브라키오사우루스 그림을 그렸어요.
스테고사우르스|스테고사우루스 / 스테고사우르스|스테고사우루스|L|스테고사우루스 등에는 판이 있다.|스테고사우루스 모형을 만들었어요.
알파벧|알파벳 / 알파벧|알파벳|L|영어 알파벳을 외웠다.|알파벳 노래를 불렀어요.
이니샬|이니셜 / 이니샬|이니셜|L|공책에 내 이니셜을 썼다.|이니셜 목걸이를 받았어요.
다이아리|다이어리 / 다이아리|다이어리|L|새 다이어리를 샀다.|다이어리에 일정을 적었어요.
엘범|앨범 / 엘범|앨범|L|가족 앨범을 펼쳤다.|졸업 앨범을 받았어요.
포스타|포스터 / 포스타|포스터|L|환경 포스터를 그렸다.|포스터를 벽에 붙였어요.
브로셔|브로슈어 / 브로셔|브로슈어|L|박물관 브로슈어를 받았다.|여행 브로슈어를 보았어요.
카다로그|카탈로그 / 카다로그|카탈로그|L|장난감 카탈로그를 보았다.|카탈로그에서 골랐어요.
까탈로그|카탈로그 / 까탈로그|카탈로그|D|카탈로그를 넘겨 보았다.|카탈로그에 그림이 많아요.
마아크|마크 / 마아크|마크|L|옷에 마크가 붙어 있다.|재활용 마크를 확인했어요.
아이꼰|아이콘 / 아이꼰|아이콘|D|화면의 아이콘을 눌렀다.|아이콘 모양이 귀여워요.
디자이나|디자이너 / 디자이나|디자이너|L|옷 디자이너가 꿈이다.|디자이너가 옷을 그렸어요.
파일롯|파일럿 / 파일롯|파일럿|L|파일럿이 비행기를 몰았다.|파일럿이 되고 싶어요.
파이롯트|파일럿 / 파이롯트|파일럿|L|파일럿 모자를 써 보았다.|파일럿이 인사했어요.
스튜디어스|스튜어디스 / 스튜디어스|스튜어디스|L|스튜어디스가 음료를 주었다.|스튜어디스가 친절했어요.
아나운사|아나운서 / 아나운사|아나운서|L|아나운서가 뉴스를 읽었다.|아나운서가 꿈이에요.
프로그래마|프로그래머 / 프로그래마|프로그래머|L|프로그래머가 게임을 만들었다.|프로그래머가 되고 싶어요.
엔지니아|엔지니어 / 엔지니아|엔지니어|L|엔지니어가 로봇을 고쳤다.|엔지니어는 기계를 만들어요.
모댈|모델 / 모댈|모델|L|패션쇼 모델을 보았다.|비행기 모델을 조립했어요.
까이드|가이드 / 까이드|가이드|D|가이드가 박물관을 안내했다.|여행 가이드가 설명해 주었어요.
메니큐어|매니큐어 / 메니큐어|매니큐어|L|언니가 손톱에 매니큐어를 칠했다.|매니큐어 냄새가 났어요.
헤어벤드|헤어밴드 / 헤어벤드|헤어밴드|L|헤어밴드로 머리를 넘겼다.|헤어밴드가 귀여워요.
스까프|스카프 / 스까프|스카프|D|목에 스카프를 둘렀다.|스카프가 따뜻해요.
부라우스|블라우스 / 부라우스|블라우스|L|흰 블라우스를 입었다.|블라우스 단추를 잠갔어요.
원피쓰|원피스 / 원피쓰|원피스|D|새 원피스를 입었다.|원피스가 예뻐요.
래깅스|레깅스 / 래깅스|레깅스|L|체육 시간에 레깅스를 입었다.|레깅스가 편해요.
빠자마|파자마 / 빠자마|파자마|D|파자마 파티를 했다.|파자마를 입고 잤어요.
런닝셔츠|러닝셔츠 / 런닝셔츠|러닝셔츠|외래어 ‘running’은 ‘러닝’으로 적어요.|러닝셔츠를 입었다.|러닝셔츠가 땀에 젖었어요.
런닝머신|러닝머신 / 런닝머신|러닝머신|외래어 ‘running’은 ‘러닝’으로 적어요.|아빠가 러닝머신에서 달리셨다.|러닝머신은 빨라요.
런닝|러닝 / 런닝|러닝|외래어 ‘running’은 ‘러닝’으로 적어요.|아침마다 가볍게 러닝을 한다.|러닝을 하고 물을 마셨어요.
